"Tag","Controller","Method","Path","Action","Auth","Permission"
"Academic","AcademicController","GET","/api/v1/academic/classrooms","GetClassRooms","JWT",""
"Academic","AcademicController","POST","/api/v1/academic/classrooms","CreateClassRoom","JWT",""
"Academic","AcademicController","GET","/api/v1/academic/courses","GetCourses","JWT",""
"Academic","AcademicController","POST","/api/v1/academic/courses","CreateCourse","JWT",""
"Academic","AcademicController","DELETE","/api/v1/academic/courses/{courseId:guid}","DeleteCourse","JWT",""
"Academic","AcademicController","PUT","/api/v1/academic/courses/{courseId:guid}","UpdateCourse","JWT",""
"Academic","AcademicController","GET","/api/v1/academic/enrollments","GetEnrollments","JWT",""
"Academic","AcademicController","POST","/api/v1/academic/enrollments","CreateEnrollment","JWT",""
"Academic","AcademicController","GET","/api/v1/academic/sections","GetSections","JWT",""
"Accounting","AccountingController","GET","/api/v1/accounting/expense-balances","GetExpenseBalances","JWT",""
"Accounting","AccountingController","GET","/api/v1/accounting/expense-payments","SearchExpensePayments","JWT",""
"Accounting","AccountingController","POST","/api/v1/accounting/expense-payments","CreateExpensePayment","JWT",""
"Accounting","AccountingController","GET","/api/v1/accounting/expense-payments/{id:guid}","GetExpensePayment","JWT",""
"Accounting","AccountingController","GET","/api/v1/accounting/expense-requests","SearchExpenseRequests","JWT",""
"Accounting","AccountingController","POST","/api/v1/accounting/expense-requests","CreateExpenseRequest","JWT",""
"Accounting","AccountingController","POST","/api/v1/accounting/expense-requests/{id:guid}/approve","ApproveExpenseRequest","JWT",""
"Accounting","AccountingController","POST","/api/v1/accounting/expense-requests/{id:guid}/submit","SubmitExpenseRequest","JWT",""
"Admin","AdminController","POST","/api/v1/admin/reset-enrollment-data","ResetEnrollmentData","JWT",""
"Admin","AdminController","GET","/api/v1/admin/roles","GetRoles","JWT",""
"Admin","AdminController","GET","/api/v1/admin/teachers","GetTeachers","JWT",""
"Admin","AdminController","POST","/api/v1/admin/teachers","CreateTeacher","JWT",""
"Admin","AdminController","PUT","/api/v1/admin/teachers/{id:guid}","UpdateTeacher","JWT",""
"Admin","AdminController","GET","/api/v1/admin/users","GetUsers","JWT",""
"Admin","AdminController","POST","/api/v1/admin/users","CreateUser","JWT",""
"Admin","AdminController","PUT","/api/v1/admin/users/{id:guid}","UpdateUser","JWT",""
"Admin","AdminController","PUT","/api/v1/admin/users/{id:guid}/roles","SetUserRoles","JWT",""
"Auth","AuthController","POST","/api/v1/auth/change-password","ChangePassword","JWT",""
"Auth","AuthController","POST","/api/v1/auth/login","Login","JWT",""
"Auth","AuthController","POST","/api/v1/auth/logout","Logout","Anonymous",""
"Auth","AuthController","GET","/api/v1/auth/me","GetProfile","JWT",""
"Auth","AuthController","POST","/api/v1/auth/refresh","Refresh","Anonymous",""
"CardTemplates","CardTemplatesController","GET","/api/v1/card-templates","List","JWT",""
"CardTemplates","CardTemplatesController","POST","/api/v1/card-templates","Create","JWT",""
"CardTemplates","CardTemplatesController","DELETE","/api/v1/card-templates/{id:guid}","Delete","JWT",""
"CardTemplates","CardTemplatesController","GET","/api/v1/card-templates/{id:guid}","Get","JWT",""
"CardTemplates","CardTemplatesController","PUT","/api/v1/card-templates/{id:guid}","Update","JWT",""
"CardTemplates","CardTemplatesController","POST","/api/v1/card-templates/preview","Preview","JWT",""
"CloudSync","CloudSyncController","GET","/api/v1/cloud-sync/status","GetStatus","JWT",""
"CloudSync","CloudSyncController","POST","/api/v1/cloud-sync/synchronize","SynchronizeNow","JWT",""
"CourseConfiguration","CourseConfigurationController","GET","/api/v1/course-configuration","GetConfiguration","JWT",""
"CourseConfiguration","CourseConfigurationController","PUT","/api/v1/course-configuration","SaveConfiguration","JWT",""
"CourseConfiguration","CourseConfigurationController","GET","/api/v1/course-configuration/available-courses","GetAvailableCourses","JWT",""
"CourseConfiguration","CourseConfigurationController","GET","/api/v1/course-configuration/branches","GetBranches","JWT",""
"CourseConfiguration","CourseConfigurationController","POST","/api/v1/course-configuration/courses","CreateCatalogCourse","JWT",""
"Currencies","CurrenciesController","GET","/api/v1/currencies","Search","JWT",""
"Currencies","CurrenciesController","POST","/api/v1/currencies","Create","JWT",""
"Currencies","CurrenciesController","PUT","/api/v1/currencies/{id:guid}","Update","JWT",""
"Currencies","CurrenciesController","POST","/api/v1/currencies/{id:guid}/activate","Activate","JWT",""
"Currencies","CurrenciesController","POST","/api/v1/currencies/{id:guid}/deactivate","Deactivate","JWT",""
"Currencies","CurrenciesController","GET","/api/v1/currencies/main","GetMain","JWT",""
"Dashboard","DashboardController","GET","/api/v1/dashboard/activities","GetActivities","JWT",""
"Dashboard","DashboardController","GET","/api/v1/dashboard/alerts","GetAlerts","JWT",""
"Dashboard","DashboardController","GET","/api/v1/dashboard/debtors","GetDebtors","JWT",""
"Dashboard","DashboardController","GET","/api/v1/dashboard/distribution","GetDistribution","JWT",""
"Dashboard","DashboardController","GET","/api/v1/dashboard/enrolled-students","GetEnrolledStudents","JWT",""
"Dashboard","DashboardController","GET","/api/v1/dashboard/expenses","GetExpenses","JWT",""
"Dashboard","DashboardController","GET","/api/v1/dashboard/fund-movements","GetFundMovements","JWT",""
"Dashboard","DashboardController","GET","/api/v1/dashboard/overview","GetOverview","JWT",""
"Dashboard","DashboardController","GET","/api/v1/dashboard/payments","GetPayments","JWT",""
"Dashboard","DashboardController","GET","/api/v1/dashboard/receivables-breakdown","GetReceivablesBreakdown","JWT",""
"Dashboard","DashboardController","GET","/api/v1/dashboard/repartition","GetRepartition","JWT",""
"Dashboard","DashboardController","GET","/api/v1/dashboard/revenue","GetRevenue","JWT",""
"Dashboard","DashboardController","GET","/api/v1/dashboard/summary","GetSummary","JWT",""
"DocumentBranding","DocumentBrandingController","GET","/api/v1/document-branding/configuration","GetConfiguration","JWT",""
"DocumentBranding","DocumentBrandingController","PUT","/api/v1/document-branding/footer","SaveFooter","JWT",""
"DocumentBranding","DocumentBrandingController","POST","/api/v1/document-branding/headers","CreateHeader","JWT",""
"DocumentBranding","DocumentBrandingController","DELETE","/api/v1/document-branding/headers/{headerId:guid}","DeleteHeader","JWT",""
"DocumentBranding","DocumentBrandingController","PUT","/api/v1/document-branding/headers/{headerId:guid}","UpdateHeader","JWT",""
"DocumentBranding","DocumentBrandingController","POST","/api/v1/document-branding/logos","CreateLogo","JWT",""
"DocumentBranding","DocumentBrandingController","DELETE","/api/v1/document-branding/logos/{logoId:guid}","DeleteLogo","JWT",""
"DocumentBranding","DocumentBrandingController","PUT","/api/v1/document-branding/logos/{logoId:guid}","UpdateLogo","JWT",""
"DocumentBranding","DocumentBrandingController","POST","/api/v1/document-branding/logos/{logoId:guid}/set-primary","SetPrimaryLogo","JWT",""
"DocumentBranding","DocumentBrandingController","GET","/api/v1/document-branding/logos/primary/file","GetPrimaryLogoFile","JWT",""
"DocumentBranding","DocumentBrandingController","GET","/api/v1/document-branding/lookups","GetLookups","JWT",""
"DocumentBranding","DocumentBrandingController","GET","/api/v1/document-branding/print/{documentType}","ResolvePrintBranding","JWT",""
"DocumentBranding","DocumentBrandingController","POST","/api/v1/document-branding/signatures","CreateSignature","JWT",""
"DocumentBranding","DocumentBrandingController","DELETE","/api/v1/document-branding/signatures/{signatureId:guid}","DeleteSignature","JWT",""
"DocumentBranding","DocumentBrandingController","PUT","/api/v1/document-branding/signatures/{signatureId:guid}","UpdateSignature","JWT",""
"DocumentBranding","DocumentBrandingController","POST","/api/v1/document-branding/stamps","CreateStamp","JWT",""
"DocumentBranding","DocumentBrandingController","DELETE","/api/v1/document-branding/stamps/{stampId:guid}","DeleteStamp","JWT",""
"DocumentBranding","DocumentBrandingController","PUT","/api/v1/document-branding/stamps/{stampId:guid}","UpdateStamp","JWT",""
"Documents","DocumentsController","GET","/api/v1/documents","List","JWT",""
"Documents","DocumentsController","POST","/api/v1/documents","Upload","JWT",""
"Documents","DocumentsController","DELETE","/api/v1/documents/{id:guid}","Delete","JWT",""
"Documents","DocumentsController","GET","/api/v1/documents/{id:guid}/download","Download","JWT",""
"EnrollmentWizard","EnrollmentWizardController","GET","/api/v1/enrollment-wizard/class-capacity","GetClassCapacity","JWT",""
"EnrollmentWizard","EnrollmentWizardController","POST","/api/v1/enrollment-wizard/complete","Complete","JWT",""
"EnrollmentWizard","EnrollmentWizardController","GET","/api/v1/enrollment-wizard/fees","CalculateFees","JWT",""
"EnrollmentWizard","EnrollmentWizardController","GET","/api/v1/enrollment-wizard/fiche-inscription/{enrollmentId:guid}","GetEnrollmentForm","JWT",""
"EnrollmentWizard","EnrollmentWizardController","GET","/api/v1/enrollment-wizard/prerequisites","GetPrerequisites","JWT",""
"EnrollmentWizard","EnrollmentWizardController","GET","/api/v1/enrollment-wizard/registration-number","GenerateRegistrationNumber","JWT",""
"EnrollmentWizard","EnrollmentWizardController","GET","/api/v1/enrollment-wizard/search-guardians","SearchGuardians","JWT",""
"EnrollmentWizard","EnrollmentWizardController","GET","/api/v1/enrollment-wizard/search-students","SearchStudents","JWT",""
"EnrollmentWizard","EnrollmentWizardController","POST","/api/v1/enrollment-wizard/store-file","StoreEnrollmentFile","JWT",""
"EnrollmentWizard","EnrollmentWizardController","GET","/api/v1/enrollment-wizard/structure-options","GetStructureOptions","JWT",""
"EnrollmentWizard","EnrollmentWizardController","PUT","/api/v1/enrollment-wizard/student-dossier/{enrollmentId:guid}","UpdateStudentDossier","JWT",""
"EnrollmentWizard","EnrollmentWizardController","POST","/api/v1/enrollment-wizard/student-dossier/{enrollmentId:guid}/validate","ValidateStudentDossierUpdate","JWT",""
"EnrollmentWizard","EnrollmentWizardController","GET","/api/v1/enrollment-wizard/student-dossier/{studentId:guid}","GetStudentDossierForEdit","JWT",""
"EnrollmentWizard","EnrollmentWizardController","POST","/api/v1/enrollment-wizard/validate","Validate","JWT",""
"ExchangeRates","ExchangeRatesController","GET","/api/v1/exchange-rates","Search","JWT",""
"ExchangeRates","ExchangeRatesController","POST","/api/v1/exchange-rates","Create","JWT",""
"ExchangeRates","ExchangeRatesController","GET","/api/v1/exchange-rates/{id:guid}","GetById","JWT",""
"ExchangeRates","ExchangeRatesController","PUT","/api/v1/exchange-rates/{id:guid}","Update","JWT",""
"ExchangeRates","ExchangeRatesController","POST","/api/v1/exchange-rates/{id:guid}/activate","Activate","JWT",""
"ExchangeRates","ExchangeRatesController","POST","/api/v1/exchange-rates/{id:guid}/deactivate","Deactivate","JWT",""
"ExchangeRates","ExchangeRatesController","GET","/api/v1/exchange-rates/active","GetActive","JWT",""
"ExchangeRates","ExchangeRatesController","POST","/api/v1/exchange-rates/convert","Convert","JWT",""
"ExchangeRates","ExchangeRatesController","GET","/api/v1/exchange-rates/for-date","GetForDate","JWT",""
"ExchangeRates","ExchangeRatesController","GET","/api/v1/exchange-rates/history","History","JWT",""
"ExchangeRateTypes","ExchangeRateTypesController","GET","/api/v1/exchange-rate-types","List","JWT",""
"ExchangeRateTypes","ExchangeRateTypesController","POST","/api/v1/exchange-rate-types","Create","JWT",""
"ExchangeRateTypes","ExchangeRateTypesController","PUT","/api/v1/exchange-rate-types/{id:guid}","Update","JWT",""
"ExchangeRateTypes","ExchangeRateTypesController","POST","/api/v1/exchange-rate-types/{id:guid}/activate","Activate","JWT",""
"ExchangeRateTypes","ExchangeRateTypesController","POST","/api/v1/exchange-rate-types/{id:guid}/deactivate","Deactivate","JWT",""
"Finance","FinanceController","GET","/api/v1/finance/payment-situations","SearchPaymentSituations","JWT",""
"Finance","FinanceController","GET","/api/v1/finance/payment-situations/{enrollmentId:guid}/installment-plan","GetInstallmentPaymentPlan","JWT",""
"Finance","FinanceController","GET","/api/v1/finance/pricing-assignments","SearchPricingAssignments","JWT",""
"Finance","FinanceController","PUT","/api/v1/finance/pricing-assignments/{enrollmentId:guid}","UpdatePricingAssignment","JWT",""
"Finance","FinanceController","GET","/api/v1/finance/pricing-assignments/{enrollmentId:guid}/applicable-fees","GetApplicableFees","JWT",""
"Finance","FinanceController","GET","/api/v1/finance/pricing-assignments/{enrollmentId:guid}/history","GetPricingAssignmentHistory","JWT",""
"Geography","GeographyController","GET","/api/v1/geography/addresses/{id:guid}","GetAddress","JWT",""
"Geography","GeographyController","GET","/api/v1/geography/cities","GetCities","JWT",""
"Geography","GeographyController","GET","/api/v1/geography/communes","GetCommunes","JWT",""
"Geography","GeographyController","GET","/api/v1/geography/countries","GetCountries","JWT",""
"Geography","GeographyController","GET","/api/v1/geography/provinces","GetProvinces","JWT",""
"GeographyAdmin","GeographyAdminController","GET","/api/v1/geography/admin/cities","GetCities","JWT",""
"GeographyAdmin","GeographyAdminController","POST","/api/v1/geography/admin/cities","CreateCity","JWT",""
"GeographyAdmin","GeographyAdminController","DELETE","/api/v1/geography/admin/cities/{id:guid}","DeactivateCity","JWT",""
"GeographyAdmin","GeographyAdminController","PUT","/api/v1/geography/admin/cities/{id:guid}","UpdateCity","JWT",""
"GeographyAdmin","GeographyAdminController","GET","/api/v1/geography/admin/communes","GetCommunes","JWT",""
"GeographyAdmin","GeographyAdminController","POST","/api/v1/geography/admin/communes","CreateCommune","JWT",""
"GeographyAdmin","GeographyAdminController","DELETE","/api/v1/geography/admin/communes/{id:guid}","DeactivateCommune","JWT",""
"GeographyAdmin","GeographyAdminController","PUT","/api/v1/geography/admin/communes/{id:guid}","UpdateCommune","JWT",""
"GeographyAdmin","GeographyAdminController","GET","/api/v1/geography/admin/countries","GetCountries","JWT",""
"GeographyAdmin","GeographyAdminController","POST","/api/v1/geography/admin/countries","CreateCountry","JWT",""
"GeographyAdmin","GeographyAdminController","DELETE","/api/v1/geography/admin/countries/{id:guid}","DeactivateCountry","JWT",""
"GeographyAdmin","GeographyAdminController","PUT","/api/v1/geography/admin/countries/{id:guid}","UpdateCountry","JWT",""
"GeographyAdmin","GeographyAdminController","POST","/api/v1/geography/admin/import","ImportExcel","JWT",""
"GeographyAdmin","GeographyAdminController","GET","/api/v1/geography/admin/import/template","DownloadImportTemplate","JWT",""
"GeographyAdmin","GeographyAdminController","GET","/api/v1/geography/admin/provinces","GetProvinces","JWT",""
"GeographyAdmin","GeographyAdminController","POST","/api/v1/geography/admin/provinces","CreateProvince","JWT",""
"GeographyAdmin","GeographyAdminController","DELETE","/api/v1/geography/admin/provinces/{id:guid}","DeactivateProvince","JWT",""
"GeographyAdmin","GeographyAdminController","PUT","/api/v1/geography/admin/provinces/{id:guid}","UpdateProvince","JWT",""
"Grades","GradesController","POST","/api/v1/grades/entries","SubmitGrades","JWT",""
"Grades","GradesController","GET","/api/v1/grades/evaluations","GetEvaluations","JWT",""
"Grades","GradesController","POST","/api/v1/grades/evaluations","CreateEvaluation","JWT",""
"Grades","GradesController","GET","/api/v1/grades/evaluations/{evaluationId:guid}/entries","GetGradeEntries","JWT",""
"Grades","GradesController","GET","/api/v1/grades/evaluation-types","GetEvaluationTypes","JWT",""
"Grades","GradesController","GET","/api/v1/grades/period-results","GetPeriodResults","JWT",""
"Grades","GradesController","POST","/api/v1/grades/period-results/calculate","CalculatePeriodResults","JWT",""
"MobileSubscription","MobileSubscriptionController","GET","/api/mobile/subscription","GetSubscription","JWT",""
"MobileSubscriptionPayment","MobileSubscriptionPaymentController","POST","/api/v1/mobile/subscription/payment/callback","Callback","JWT",""
"MobileSubscriptionPayment","MobileSubscriptionPaymentController","POST","/api/v1/mobile/subscription/payment/initiate","Initiate","JWT",""
"MobileSubscriptionPayment","MobileSubscriptionPaymentController","POST","/api/v1/mobile/subscription/payment/status","Status","JWT",""
"MobileSubscriptionPayment","MobileSubscriptionPaymentController","GET","/api/v1/mobile/subscription/payments","History","JWT",""
"MobileSubscriptionPayment","MobileSubscriptionPaymentController","GET","/api/v1/mobile/subscription/payments/{paymentId:guid}/invoice/pdf","InvoicePdf","JWT",""
"Parent","ParentController","GET","/api/v1/parent/children","GetChildren","JWT",""
"Parent","ParentController","GET","/api/v1/parent/children/{studentId:guid}/attendance","GetChildAttendance","JWT",""
"Parent","ParentController","GET","/api/v1/parent/children/{studentId:guid}/bulletins","GetChildBulletins","JWT",""
"Parent","ParentController","GET","/api/v1/parent/children/{studentId:guid}/bulletins/{academicPeriodId:guid}/pdf","ExportChildBulletinPdf","JWT",""
"Parent","ParentController","GET","/api/v1/parent/children/{studentId:guid}/communications","GetChildCommunications","JWT",""
"Parent","ParentController","GET","/api/v1/parent/children/{studentId:guid}/fee-situations","GetChildFeeSituations","JWT",""
"Parent","ParentController","GET","/api/v1/parent/children/{studentId:guid}/grades","GetChildGrades","JWT",""
"Parent","ParentController","GET","/api/v1/parent/children/{studentId:guid}/payments","GetChildPayments","JWT",""
"Parent","ParentController","GET","/api/v1/parent/children/{studentId:guid}/payment-summary","GetChildPaymentSummary","JWT",""
"Parent","ParentController","GET","/api/v1/parent/children/{studentId:guid}/photo","GetChildPhoto","JWT",""
"Parent","ParentController","GET","/api/v1/parent/payments/{paymentId:guid}/receipt/pdf","ExportPaymentReceiptPdf","JWT",""
"Payments","PaymentsController","GET","/api/v1/payments","Search","JWT",""
"Payments","PaymentsController","POST","/api/v1/payments","Create","JWT",""
"Payments","PaymentsController","GET","/api/v1/payments/{id:guid}","GetById","JWT",""
"Payments","PaymentsController","PUT","/api/v1/payments/{id:guid}/amount","UpdateAmount","JWT",""
"Payments","PaymentsController","POST","/api/v1/payments/{id:guid}/cancel","Cancel","JWT",""
"Payments","PaymentsController","GET","/api/v1/payments/{id:guid}/fee-type-statement","GetFeeTypeStatement","JWT",""
"Payments","PaymentsController","GET","/api/v1/payments/{id:guid}/fee-type-statement/pdf","ExportFeeTypeStatementPdf","JWT",""
"Payments","PaymentsController","PUT","/api/v1/payments/{id:guid}/notes","UpdateNotes","JWT",""
"Payments","PaymentsController","GET","/api/v1/payments/fee-type-statement","GetFeeTypeStatementForStudent","JWT",""
"Payments","PaymentsController","GET","/api/v1/payments/fee-type-statement/pdf","ExportFeeTypeStatementPdfForStudent","JWT",""
"Payments","PaymentsController","GET","/api/v1/payments/mutation-gate","GetMutationGate","JWT",""
"Payments","PaymentsController","GET","/api/v1/payments/student/{studentId:guid}/summary","GetStudentSummary","JWT",""
"PedagogicalStructure","PedagogicalStructureController","GET","/api/v1/schools/current/pedagogical-structure/classes","GetClasses","JWT",""
"PedagogicalStructure","PedagogicalStructureController","PUT","/api/v1/schools/current/pedagogical-structure/classes","BulkUpdateClasses","JWT",""
"PedagogicalStructure","PedagogicalStructureController","PUT","/api/v1/schools/current/pedagogical-structure/classes/{classId:guid}","UpdateClass","JWT",""
"PedagogicalStructure","PedagogicalStructureController","GET","/api/v1/schools/current/pedagogical-structure/classes/{classId:guid}/locals","GetLocals","JWT",""
"PedagogicalStructure","PedagogicalStructureController","POST","/api/v1/schools/current/pedagogical-structure/initialize","Initialize","JWT",""
"PedagogicalStructure","PedagogicalStructureController","POST","/api/v1/schools/current/pedagogical-structure/locals","CreateLocal","JWT",""
"PedagogicalStructure","PedagogicalStructureController","DELETE","/api/v1/schools/current/pedagogical-structure/locals/{localId:guid}","DeleteLocal","JWT",""
"PedagogicalStructure","PedagogicalStructureController","PUT","/api/v1/schools/current/pedagogical-structure/locals/{localId:guid}","UpdateLocal","JWT",""
"PedagogicalStructure","PedagogicalStructureController","GET","/api/v1/schools/current/pedagogical-structure/summary","GetSummary","JWT",""
"Personnel","PersonnelController","GET","/api/v1/personnel","GetPersonnel","JWT",""
"Personnel","PersonnelController","POST","/api/v1/personnel","CreatePersonnel","JWT",""
"Personnel","PersonnelController","GET","/api/v1/personnel/{id:guid}","GetPersonnelById","JWT",""
"Personnel","PersonnelController","PUT","/api/v1/personnel/{id:guid}","UpdatePersonnel","JWT",""
"Personnel","PersonnelController","GET","/api/v1/personnel/departments","GetDepartments","JWT",""
"Personnel","PersonnelController","POST","/api/v1/personnel/departments","CreateDepartment","JWT",""
"Personnel","PersonnelController","GET","/api/v1/personnel/functions","GetJobFunctions","JWT",""
"Personnel","PersonnelController","POST","/api/v1/personnel/functions","CreateJobFunction","JWT",""
"Personnel","PersonnelController","GET","/api/v1/personnel/kpis","GetKpis","JWT",""
"Reports","ReportsController","GET","/api/v1/reports/class-averages","GetClassAverages","JWT",""
"Reports","ReportsController","GET","/api/v1/reports/dashboard","GetDashboard","JWT",""
"Reports","ReportsController","GET","/api/v1/reports/enrollment-by-class","GetEnrollmentByClass","JWT",""
"Reports","ReportsController","GET","/api/v1/reports/financial-realized-receipts","GetRealizedReceipts","JWT",""
"Reports","ReportsController","GET","/api/v1/reports/financial-realized-receipts/export/excel","ExportRealizedReceiptsExcel","JWT",""
"Reports","ReportsController","GET","/api/v1/reports/financial-realized-receipts/export/pdf","ExportRealizedReceiptsPdf","JWT",""
"Reports","ReportsController","GET","/api/v1/reports/financial-summary","GetFinancialSummary","JWT",""
"Reports","ReportsController","GET","/api/v1/reports/payment-situations","GetPaymentSituationReport","JWT",""
"Reports","ReportsController","GET","/api/v1/reports/payment-situations/export/excel","ExportPaymentSituationReportExcel","JWT",""
"Reports","ReportsController","GET","/api/v1/reports/payment-situations/export/pdf","ExportPaymentSituationReportPdf","JWT",""
"RevenueAllocation","RevenueAllocationController","GET","/api/v1/revenue-allocation/destinations","GetDestinations","JWT",""
"RevenueAllocation","RevenueAllocationController","POST","/api/v1/revenue-allocation/destinations","CreateDestination","JWT",""
"RevenueAllocation","RevenueAllocationController","PUT","/api/v1/revenue-allocation/destinations/{id:guid}","UpdateDestination","JWT",""
"RevenueAllocation","RevenueAllocationController","POST","/api/v1/revenue-allocation/destinations/{id:guid}/deactivate","DeactivateDestination","JWT",""
"RevenueAllocation","RevenueAllocationController","GET","/api/v1/revenue-allocation/entries","SearchEntries","JWT",""
"RevenueAllocation","RevenueAllocationController","GET","/api/v1/revenue-allocation/entries/cash-flow","GetCashFlow","JWT",""
"RevenueAllocation","RevenueAllocationController","GET","/api/v1/revenue-allocation/entries/export/excel","ExportExcel","JWT",""
"RevenueAllocation","RevenueAllocationController","GET","/api/v1/revenue-allocation/entries/export/pdf","ExportPdf","JWT",""
"RevenueAllocation","RevenueAllocationController","GET","/api/v1/revenue-allocation/entries/summary-by-fee-type","GetSummaryByFeeType","JWT",""
"RevenueAllocation","RevenueAllocationController","GET","/api/v1/revenue-allocation/entries/withholdings","GetWithholdings","JWT",""
"RevenueAllocation","RevenueAllocationController","GET","/api/v1/revenue-allocation/keys","GetKeys","JWT",""
"RevenueAllocation","RevenueAllocationController","POST","/api/v1/revenue-allocation/keys","CreateKey","JWT",""
"RevenueAllocation","RevenueAllocationController","DELETE","/api/v1/revenue-allocation/keys/{id:guid}","DeleteKey","JWT",""
"RevenueAllocation","RevenueAllocationController","GET","/api/v1/revenue-allocation/keys/{id:guid}","GetKey","JWT",""
"RevenueAllocation","RevenueAllocationController","PUT","/api/v1/revenue-allocation/keys/{id:guid}","UpdateKey","JWT",""
"RevenueAllocation","RevenueAllocationController","POST","/api/v1/revenue-allocation/keys/{id:guid}/activate","ActivateKey","JWT",""
"RevenueAllocation","RevenueAllocationController","POST","/api/v1/revenue-allocation/keys/{id:guid}/close","CloseKey","JWT",""
"RevenueAllocation","RevenueAllocationController","POST","/api/v1/revenue-allocation/keys/{id:guid}/deactivate","DeactivateKey","JWT",""
"SchoolCurrencies","SchoolCurrenciesController","GET","/api/v1/school-currencies","List","JWT",""
"SchoolCurrencies","SchoolCurrenciesController","POST","/api/v1/school-currencies","Upsert","JWT",""
"SchoolCurrencies","SchoolCurrenciesController","DELETE","/api/v1/school-currencies/{id:guid}","Remove","JWT",""
"SchoolFee","SchoolFeeController","GET","/api/v1/school-fees/catalog","GetCatalog","JWT",""
"SchoolFee","SchoolFeeController","GET","/api/v1/school-fees/fee-types","GetFeeTypes","JWT",""
"SchoolFee","SchoolFeeController","POST","/api/v1/school-fees/fee-types","CreateFeeType","JWT",""
"SchoolFee","SchoolFeeController","GET","/api/v1/school-fees/fee-types/{feeTypeId:guid}/installments","GetFeeTypeInstallments","JWT",""
"SchoolFee","SchoolFeeController","PUT","/api/v1/school-fees/fee-types/{feeTypeId:guid}/installments","SaveFeeTypeInstallments","JWT",""
"SchoolFee","SchoolFeeController","DELETE","/api/v1/school-fees/fee-types/{id:guid}","DeleteFeeType","JWT",""
"SchoolFee","SchoolFeeController","PUT","/api/v1/school-fees/fee-types/{id:guid}","UpdateFeeType","JWT",""
"SchoolFee","SchoolFeeController","GET","/api/v1/school-fees/installments","GetInstallments","JWT",""
"SchoolFee","SchoolFeeController","POST","/api/v1/school-fees/installments","CreateInstallment","JWT",""
"SchoolFee","SchoolFeeController","DELETE","/api/v1/school-fees/installments/{id:guid}","DeleteInstallment","JWT",""
"SchoolFee","SchoolFeeController","PUT","/api/v1/school-fees/installments/{id:guid}","UpdateInstallment","JWT",""
"SchoolFee","SchoolFeeController","GET","/api/v1/school-fees/pricing-categories","GetPricingCategories","JWT",""
"SchoolFee","SchoolFeeController","POST","/api/v1/school-fees/pricing-categories","CreatePricingCategory","JWT",""
"SchoolFee","SchoolFeeController","DELETE","/api/v1/school-fees/pricing-categories/{id:guid}","DeletePricingCategory","JWT",""
"SchoolFee","SchoolFeeController","PUT","/api/v1/school-fees/pricing-categories/{id:guid}","UpdatePricingCategory","JWT",""
"SchoolFee","SchoolFeeController","GET","/api/v1/school-fees/schedule","GetSchedule","JWT",""
"SchoolFee","SchoolFeeController","PUT","/api/v1/school-fees/schedule","SaveSchedule","JWT",""
"SchoolFee","SchoolFeeController","PUT","/api/v1/school-fees/schedule/bulk","SaveScheduleBulk","JWT",""
"SchoolFee","SchoolFeeController","POST","/api/v1/school-fees/schedule/copy-from-previous","CopyScheduleFromPrevious","JWT",""
"SchoolFee","SchoolFeeController","POST","/api/v1/school-fees/schedule/copy-from-previous/bulk","CopyScheduleFromPreviousBulk","JWT",""
"SchoolFee","SchoolFeeController","GET","/api/v1/school-fees/schedule/signatures","GetScheduleSignatures","JWT",""
"Schools","SchoolsController","GET","/api/v1/schools/current","GetCurrent","JWT",""
"Schools","SchoolsController","PUT","/api/v1/schools/current","UpdateCurrent","JWT",""
"Schools","SchoolsController","GET","/api/v1/schools/current/academic-years","GetAcademicYears","JWT",""
"Schools","SchoolsController","POST","/api/v1/schools/current/academic-years","CreateAcademicYear","JWT",""
"Schools","SchoolsController","PUT","/api/v1/schools/current/academic-years/{yearId:guid}/set-current","SetCurrentYear","JWT",""
"Schools","SchoolsController","GET","/api/v1/schools/current/lookups","GetLookups","JWT",""
"Schools","SchoolsController","GET","/api/v1/schools/current/regulation","GetRegulation","JWT",""
"Schools","SchoolsController","PUT","/api/v1/schools/current/regulation","UpdateRegulation","JWT",""
"StudentCards","StudentCardsController","GET","/api/v1/cards","Search","JWT",""
"StudentCards","StudentCardsController","POST","/api/v1/cards","Create","JWT",""
"StudentCards","StudentCardsController","DELETE","/api/v1/cards/{id:guid}","Delete","JWT",""
"StudentCards","StudentCardsController","GET","/api/v1/cards/{id:guid}","GetById","JWT",""
"StudentCards","StudentCardsController","PUT","/api/v1/cards/{id:guid}","Update","JWT",""
"StudentCards","StudentCardsController","POST","/api/v1/cards/{id:guid}/deactivate","Deactivate","JWT",""
"StudentCards","StudentCardsController","POST","/api/v1/cards/{id:guid}/lost","DeclareLost","JWT",""
"StudentCards","StudentCardsController","POST","/api/v1/cards/{id:guid}/renew","Renew","JWT",""
"StudentCards","StudentCardsController","POST","/api/v1/cards/{id:guid}/reprint","Reprint","JWT",""
"StudentCards","StudentCardsController","POST","/api/v1/cards/{id:guid}/stolen","DeclareStolen","JWT",""
"StudentCards","StudentCardsController","POST","/api/v1/cards/bulk","BulkCreate","JWT",""
"StudentCards","StudentCardsController","GET","/api/v1/cards/dashboard","Dashboard","JWT",""
"StudentCards","StudentCardsController","POST","/api/v1/cards/print","Print","JWT",""
"StudentCards","StudentCardsController","POST","/api/v1/cards/resolve-qr","ResolveQr","JWT",""
"StudentCards","StudentCardsController","GET","/api/v1/cards/settings","GetSettings","JWT",""
"StudentCards","StudentCardsController","PUT","/api/v1/cards/settings","SaveSettings","JWT",""
"Students","StudentsController","GET","/api/v1/students","Search","JWT",""
"Students","StudentsController","POST","/api/v1/students","Create","JWT",""
"Students","StudentsController","DELETE","/api/v1/students/{id:guid}","Archive","JWT",""
"Students","StudentsController","GET","/api/v1/students/{id:guid}","GetById","JWT",""
"Students","StudentsController","PUT","/api/v1/students/{id:guid}","Update","JWT",""
"Students","StudentsController","GET","/api/v1/students/{id:guid}/dossier-files","ListDossierFiles","JWT",""
"Students","StudentsController","POST","/api/v1/students/{id:guid}/exclude-current-year","ExcludeFromCurrentYear","JWT",""
"Students","StudentsController","GET","/api/v1/students/{id:guid}/profile","GetProfile","JWT",""
"Students","StudentsController","POST","/api/v1/students/{id:guid}/withdraw-current-year","WithdrawFromCurrentYear","JWT",""
"Students","StudentsController","GET","/api/v1/students/withdrawal-reasons","GetWithdrawalReasons","JWT",""
"Teacher","TeacherController","GET","/api/v1/teacher/assignments","GetAssignments","JWT",""
"Teacher","TeacherController","GET","/api/v1/teacher/classes/{classRoomId:guid}/students","GetClassStudents","JWT",""
"Teacher","TeacherController","GET","/api/v1/teacher/periods","GetPeriods","JWT",""
"Withholdings","WithholdingsController","POST","/api/v1/withholdings/calculate","Calculate","JWT",""
"Withholdings","WithholdingsController","GET","/api/v1/withholdings/configurations","SearchConfigurations","JWT",""
"Withholdings","WithholdingsController","POST","/api/v1/withholdings/configurations","CreateConfiguration","JWT",""
"Withholdings","WithholdingsController","DELETE","/api/v1/withholdings/configurations/{id:guid}","DeleteConfiguration","JWT",""
"Withholdings","WithholdingsController","GET","/api/v1/withholdings/configurations/{id:guid}","GetConfiguration","JWT",""
"Withholdings","WithholdingsController","PUT","/api/v1/withholdings/configurations/{id:guid}","UpdateConfiguration","JWT",""
"Withholdings","WithholdingsController","POST","/api/v1/withholdings/configurations/{id:guid}/deactivate","DeactivateConfiguration","JWT",""
"Withholdings","WithholdingsController","GET","/api/v1/withholdings/configurations/export/excel","ExportExcel","JWT",""
"Withholdings","WithholdingsController","GET","/api/v1/withholdings/configurations/export/pdf","ExportPdf","JWT",""
"Withholdings","WithholdingsController","POST","/api/v1/withholdings/resolve","Resolve","JWT",""
"Withholdings","WithholdingsController","GET","/api/v1/withholdings/types","GetTypes","JWT",""
"Withholdings","WithholdingsController","POST","/api/v1/withholdings/types","CreateType","JWT",""
"Withholdings","WithholdingsController","PUT","/api/v1/withholdings/types/{id:guid}","UpdateType","JWT",""
"Withholdings","WithholdingsController","POST","/api/v1/withholdings/types/{id:guid}/deactivate","DeactivateType","JWT",""
